Espacio,Municipio,Tipo,Capacidad,Parking,Inicio_totalidad,Duracion_totalidad,Dist_carretera_km,Tiempo_Maps
MotorLand Aragón,Alcañiz (Teruel),Circuito de carreras,5.000,Sí,20:29:37,1m 33s,,
Antiguo Aeródromo de Calamocha,Calamocha (Teruel),Lugar de interés histórico,5.000,Sí,20:30:04,1m 42s,,
Estación de Esquí Javalambre,Camarena de la Sierra (Teruel),Estación de esquí,5.000,Sí,20:31:19,1m 28s,,
Monreal del Campo,Monreal del Campo (Teruel),(sin especificar),5.000,Sí,20:30:17,1m 41s,,
Ariza,Ariza (Zaragoza),(sin especificar),5.000,Sí,20:29:38,1m 42s,,
Polígono de Cariñena,Cariñena (Zaragoza),Polígono industrial,5.000,Sí,20:29:25,1m 38s,,
Polígono de Épila,Épila (Zaragoza),Polígono industrial,5.000,Sí,20:29:04,1m 32s,,
Acantilado del Cabo de Peñas,Gozón (Asturias),Espacio natural,-,-,20:26:36,1m 44s,,
Playa de Verdicio,Gozón (Asturias),Playa,-,-,20:26:36,1m 44s,,
Playa de Xagó,Gozón (Asturias),Playa,-,-,20:26:36,1m 44s,,
Semáforo del Cabo de Peñas,Gozón (Asturias),Espacio natural,-,-,20:26:36,1m 44s,,
Cabo de Busto,Luarca-Valdés (Asturias),Espacio natural,4.000,Sí,20:26:47,1m 49s,,
Gamones,Luarca-Valdés (Asturias),Explanada,4.000,Sí,20:26:47,1m 49s,,
De Campa Torres a Playa de Poniente,Gijón (Asturias),Paseo marítimo,-,-,20:26:42,1m 45s,,
De Puente del Piles a Parque de la Providencia,Gijón (Asturias),Paseo marítimo,-,-,20:26:42,1m 45s,,
Barrio del Carrasqueo,Luarca-Valdés (Asturias),Carretera,800,Sí,20:26:47,1m 49s,,
Barrio del Mirador,Luarca-Valdés (Asturias),Calle,400,Sí,20:26:47,1m 49s,,
Bosque-Jardín de la Fonte Baxa,Luarca-Valdés (Asturias),Espacio natural,1.000,Sí,20:26:47,1m 49s,,
Carretera del Faro,Luarca-Valdés (Asturias),Carretera,1.000,Sí,20:26:47,1m 49s,,
Mirador de la Funiar,Luarca-Valdés (Asturias),Mirador,600,Sí,20:26:47,1m 49s,,
Paseo del Muelle,Luarca-Valdés (Asturias),Paseo marítimo,-,Sí,20:26:47,1m 49s,,
Villar,Luarca-Valdés (Asturias),Explanada,5.000,Sí,20:26:47,1m 49s,,
Faro de Ajo,Bareyo (Cantabria),Espacio natural,-,-,20:26:54,51s,,
Peña Cabarga,Medio Cudeyo (Cantabria),Espacio natural,-,-,20:26:57,1m 07s,,
Observatorio Astronómico de Cantabria,Páramo de la Lora (Cantabria),Espacio natural,-,-,20:27:40,1m 38s,,
la Virgen del Mar,Santander (Cantabria),Espacio natural,-,-,20:26:52,1m 03s,,
Suances,Suences (Cantabria),(sin especificar),-,-,20:26:52,1m 15s,,
Evento Eclipsados Ávila,Arévalo (Ávila),Explanada,-,-,20:31:10,37s,,
Embalse del Ebro,Arija (Burgos),Playa,3.000-5.000,Sí,20:27:25,1m 32s,,
Mirador de San Cibrián,Hacinas (Burgos),Parque,2,Sí,20:28:49,1m 44s,,
Centro Astronómico de Lodoso,Lodoso (Burgos),Centro astronómico,2,Sí,20:28:15,1m 44s,,
Parque eólico páramo de Poza,Poza de la Sal (Burgos),Parque eólico,5,Sí,20:27:50,1m 35s,,
Cerro afueras de Quintanarraya,Quintanarraya (Burgos),Espacio natural,1,Sí,20:29:04,1m 45s,,
Zona de barbacoas,Santo Domingo de Silos (Burgos),Espacio natural,-,-,20:28:53,1m 44s,,
Afueras de Tejada,Tejada (Burgos),Espacio natural,500,Sí,20:28:55,1m 45s,,
La Camperona,Sabero (León),Montaña,-,-,20:27:46,1m 47s,,
Palacio de Congresos y Exposiciones,León (León),Explanada,-,-,20:28:15,1m 45s,,
Mirador de los Caballos Thieldones,Saldaña (Palencia),Mirador,-,-,20:28:13,1m 47s,,
Arcones,Arcones (Segovia),(sin especificar),-,-,20:30:28,1m 25s,,
Ayllón,Ayllón (Segovia),(sin especificar),-,-,20:29:47,1m 40s,,
Boceguillas,Boceguillas (Segovia),(sin especificar),-,-,20:30:01,1m 35s,,
Collado Hermoso,Collado Hermoso (Segovia),(sin especificar),-,-,20:30:44,1m 14s,,
Otero de Herreros,Otero de Herreros (Segovia),(sin especificar),-,-,20:31:27,36s,,
Riaza,Riaza (Segovia),(sin especificar),-,-,20:30:04,1m 35s,,
Segovia,Segovia (Segovia),(sin especificar),-,-,20:31:03,58s,,
Turégano,Turégano (Segovia),(sin especificar),-,-,20:30:31,1m 19s,,
Alto del Moncayo (Cima de Peña Negrilla),Ágreda (Soria),Montaña,-,-,20:28:48,1m 34s,,
Sierra de Aleza,Buberos (Soria),Montaña,-,-,20:29:09,1m 41s,,
Muralla de Almazán,Almazán (Soria),Monumento,-,-,20:29:27,1m 44s,,
Cerro de Borobia,Borobia (Soria),Espacio natural,-,-,20:29:04,1m 38s,,
Castillo de Cabrejas del Pinar,Cabrejas del Pinar (Soria),Monumento,-,-,20:29:02,1m 44s,,
Castillo de Calatañazor,Calatañazor (Soria),Monumento,-,-,20:29:11,1m 44s,,
Pico de Urbión,Duruelo de la Sierra (Soria),Montaña,-,-,20:28:48,1m 43s,,
Campamento de Alto Real,Garray (Soria),Explanada,-,-,20:28:56,1m 41s,,
Numancia,Garray (Soria),Auditorio al aire libre,3.000,-,20:28:56,1m 41s,,
Fortaleza de Gormaz,Gormaz (Soria),Monumento,-,-,20:29:33,1m 44s,,
Castillo de Medinaceli,Medinaceli (Soria),Explanada,-,-,20:29:57,1m 42s,,
Tiermes,Montejo de Tiermes (Soria),Yacimiento arqueológico,-,-,20:29:50,1m 40s,,
Augustóbriga,Ólvega (Soria),Yacimiento arqueológico,-,-,20:28:55,1m 37s,,
Uxama,El Burgo de Osma-Ciudad de Osma (Soria),Yacimiento arqueológico,-,-,20:29:25,1m 44s,,
Muela de Peñalcázar,Quiñonería (Soria),Espacio natural,-,-,20:29:14,1m 41s,,
Sierra de Perdices,Viana de Duero (Soria),Espacio natural,-,-,20:29:22,1m 44s,,
Eras de Rioseco,Rioseco de Soria (Soria),Explanada,-,-,20:29:17,1m 44s,,
Cerro de San Leonardo de Yagüe,San Leonardo de Yagüe (Soria),Espacio natural,-,-,20:29:01,1m 45s,,
Monte Valonsadero,Soria (Soria),Espacio natural,30.000,-,20:29:01,1m 41s,,
Mirador de la Galiana,Ucero (Soria),Espacio natural,-,-,20:29:12,1m 44s,,
Alcazaren,Alcazaren (Valladolid),(sin especificar),-,-,20:30:20,1m 14s,,
Becilla de Valderaduey,Becilla de Valderaduey (Valladolid),Espacio natural,-,-,20:29:05,1m 36s,,
Cabezón del Pisuerga,Cabezón del Pisuerga (Valladolid),(sin especificar),-,-,20:29:36,1m 33s,,
Campaspero,Campaspero (Valladolid),(sin especificar),-,-,20:29:55,1m 31s,,
Castrodeza,Castrodeza (Valladolid),(sin especificar),-,-,20:29:53,1m 22s,,
Cigales,Cigales (Valladolid),(sin especificar),-,-,20:29:34,1m 33s,,
Encinas de Esgueva,Encinas de Esgueva (Valladolid),(sin especificar),-,-,20:29:23,1m 41s,,
Íscar,Íscar (Valladolid),(sin especificar),-,-,20:30:18,1m 17s,,
La Cisterniga,La Cisterniga (Valladolid),(sin especificar),-,-,20:29:51,1m 27s,,
La Parrilla,La Parrilla (Valladolid),(sin especificar),-,-,20:29:57,1m 27s,,
Medina de Rioseco,Medina de Rioseco (Valladolid),(sin especificar),-,-,20:29:27,1m 31s,,
Piñel de Abajo,Piñel de Abajo (Valladolid),(sin especificar),-,-,20:29:33,1m 38s,,
Portillo,Portillo (Valladolid),(sin especificar),-,-,20:30:05,1m 22s,,
Rueda,Rueda (Valladolid),(sin especificar),-,-,20:30:24,1m 06s,,
San Miguel de Pino,San Miguel de Pino (Valladolid),(sin especificar),-,-,20:29:47,1m 28s,,
San Miguel del Arroyo,San Miguel del Arroyo (Valladolid),(sin especificar),-,-,20:30:06,1m 24s,,
Tiedra,Tiedra (Valladolid),(sin especificar),-,-,20:30:01,1m 13s,,
Trigueros del Valle,Trigueros del Valle (Valladolid),(sin especificar),-,-,20:29:25,1m 36s,,
Tudela de Duero,Tudela de Duero (Valladolid),(sin especificar),-,-,20:29:52,1m 28s,,
Urones de Castroponce,Urones de Castroponce (Valladolid),(sin especificar),-,-,20:29:06,1m 35s,,
Urueña,Urueña (Valladolid),(sin especificar),-,-,20:29:49,1m 20s,,
Villalón de Campos,Villalón de Campos (Valladolid),(sin especificar),-,-,20:29:01,1m 40s,,
Villanueva de Duero,Villanueva de Duero (Valladolid),(sin especificar),-,-,20:30:08,1m 16s,,
Avenida Cardenal Cisneros,Zamora (Zamora),Explanada,-,-,20:30:48,19s,,
Avenida de la Frontera,Zamora (Zamora),Espacio natural,-,-,20:30:48,19s,,
Camino de Valbueno,Zamora (Zamora),Espacio natural,-,-,20:30:48,19s,,
Castillo de Zamora,Zamora (Zamora),Castillo,-,-,20:30:48,19s,,
Mirador de La Lobata,Zamora (Zamora),Mirador,-,-,20:30:48,19s,,
Parada del Molino,Zamora (Zamora),Parque,-,-,20:30:48,19s,,
Parque del Castillo,Zamora (Zamora),Parque,-,-,20:30:48,19s,,
Paseo de las Vistillas,Zamora (Zamora),Parque,-,-,20:30:48,19s,,
Cerro afueras de Cañete,Cañete (Cuenca),Zona rural,3.000,Sí,20:31:48,1m 10s,,
Aparcamiento de la Fuensanta,Cuenca (Cuenca),Explanada,-,Sí,20:31:59,56s,,
Museo Paleontológico de Castilla-La Mancha,Cuenca (Cuenca),Explanada,,Sí,20:31:59,56s,,
Vertiente de Hoya Román,Cuenca (Cuenca),Zona rural,-,Sí,20:31:59,56s,,
Cancha el Frontón,Cuevas de Velasco (Cuenca),Cancha de Fútbol,500,Sí,20:31:59,51s,,
Castillo de Huete,Huete (Cuenca),Castillo,1.000,Sí,20:32:13,32s,,
Palacio de los Condes de Priego,Priego (Cuenca),Plaza,2.000,Sí,20:31:15,1m 19s,,
Plaza de toros Rodena,Talayuelas (Cuenca),Plaza de toros,1.500,Sí,20:32:02,1m 06s,,
Paraje Solana la Virgen,Tragacete (Cuenca),Zona rural,2.500,Sí,20:31:15,1m 24s,,
Plaza de toros de Villalba del Rey,Villalba del Rey (Cuenca),Plaza de toros,800,Sí,20:31:39,1m 01s,,
Recinto Ferial de Azuqueca,Azuqueca de Henares (Guadalajara),Campo de feria,5.000,500,20:31:28,58s,,
Campo de fútbol de Cabanillas,Cabanillas del Campo (Guadalajara),Explanada,60,30,20:31:17,1m 06s,,
Mirador del castillo,Chiloeches (Guadalajara),Mirador,50,20,20:31:24,1m 03s,,
Castillo de Cifuentes,Cifuentes (Guadalajara),Mirador,1.000,Sí,20:30:42,1m 30s,,
Observatorio de Cogolludo,Cogolludo (Guadalajara),Mirador,1.000,300,20:30:34,1m 29s,,
El Calvario de El Casar,El Casar (Guadalajara),Mirador,1.000,250,20:31:15,1m 04s,,
Guadalajara,Guadalajara (Guadalajara),(sin especificar),-,-,20:31:15,1m 08s,,
Acceso al cementerio de Hita,Hita (Guadalajara),Zona rural,2.000,1.000,20:30:48,1m 23s,,
Parque de Ferias de Marchamalo,Marchamalo (Guadalajara),Campo de feria,1.500,300,20:31:12,1m 09s,,
Punto Limpio de Molina de Aragón,Molina de Aragón (Guadalajara),Zona rural,3.000,Sí,20:30:21,1m 40s,,
Piscina municipal de Tamajón,Tamajón (Guadalajara),Espacio natural con piscina,200,50,20:30:31,1m 29s,,
Campo de fútbol de Tórtola de Henares,Tórtola de Henares (Guadalajara),Polideportivo,50,Sí,20:31:05,1m 14s,,
Club Motocross Yunquera,Yunquera de Henares (Guadalajara),Circuito de carreras,-,-,20:31:00,1m 16s,,
Zona esportiva,Les Borges Blanques (Lleida),Campo de fútbol,2.650,1.070,20:29:11,24s,,
Els Magraners,Lleida (Lleida),Explanada,4.300,1.950,20:29:05,27s,,
Gardeny,Lleida (Lleida),Explanada,1.500,600,20:29:05,27s,,
Secà de Sant Pere,Lleida (Lleida),Explanada,1.400,980,20:29:05,27s,,
Plaça de bous de Alcanar,Alcanar (Tarragona),Plaza de toros,-,-,20:30:12,1m 37s,,
Font del mirador d'Altafulla,Altafulla (Tarragona),Explanada,430,180,20:29:23,52s,,
Polígon Industrial l'Oriola,Amposta (Tarragona),Explanada,4.400,3.300,20:29:56,1m 34s,,
Camarles,Camarles (Tarragona),(sin especificar),-,-,20:29:50,1m 31s,,
Cooperativa Agrícola de Cambrils,Cambrils (Tarragona),Explanada,-,-,20:29:27,1m 09s,,
Carrer Joan Miró,Constantí (Tarragona),Explanada,1.600,680,20:29:22,58s,,
Polígon Industrial la Plana,Gandesa (Tarragona),Explanada,2.000,1.800,20:29:32,1m 24s,,
Can Gironès,L'Aldea (Tarragona),Explanada,4.500,2.500,20:29:54,1m 32s,,
Camp de futbol,L'Atmetlla de Mar (Tarragona),Campo de fútbol,1.250,500,20:29:41,1m 25s,,
les Palomeres,Montbrió del Camp (Tarragona),Explanada,2.500,600,20:29:24,1m 07s,,
Fira de Móra la Nova,Móra la Nova (Tarragona),Campo de feria,3.800,1.500,20:29:27,1m 18s,,
Horts del Queri,Reus (Tarragona),Parque,1.750,900,20:29:22,1m 01s,,
Parc de la Festa de Reus,Reus (Tarragona),Explanada,5.000,2.500,20:29:22,1m 01s,,
Carretera de la Galera,Santa Bárbara (Tarragona),Explanada,1.100,520,20:29:57,1m 34s,,
L'Anella Mediterrànea,Tarragona (Tarragona),Parque,-,-,20:29:24,59s,,
La Marina Tárraco,Tarragona (Tarragona),Puerto deportivo,-,-,20:29:24,59s,,
Polígon Industrial de Roques Planes,Torredembarra (Tarragona),Explanada,1.170,570,20:29:23,51s,,
Polígon Industrial de Valls,Valls (Tarragona),Explanada,4.100,1.900,20:29:18,41s,,
Ermita de San Cristóbal,Benasal (Castellón),Espacio natural,1.000,Sí,20:30:37,1m 39s,,
Playas del Pinar y del Gurugú,Castellón de la Plana (Castellón),Playa,50.000,Sí,20:31:14,1m 33s,,
Parque municipal de Les Useres,Les Useres (Castellón),Parque,2.000,Sí,20:30:59,1m 37s,,
Peñíscola,Peñíscola (Castellón),(sin especificar),5.000,Sí,20:30:37,1m 39s,,
Partidas en Aras de los Olmos,Aras de los Olmos (Valencia),Espacio natural,5.000,Sí,20:31:48,1m 15s,,
Muela de Santa Catalina,Aras de los Olmos (Valencia),Espacio natural,1.000,Sí,20:31:48,1m 15s,,
Castillo de Macastre,Macastre (Valencia),Espacio natural,4.500,Sí,20:32:58,23s,,
Playa de Puzol,Puzol (Valencia),Playa,1.000,Sí,20:32:03,1m 13s,,
Pico del Remedio,Utiel (Valencia),Espacio natural,2.000,Sí,20:32:43,33s,,
Playa de la Malvarrosa,Valencia (Valencia),Playa,10.000,Sí,20:32:24,1m 00s,,
Estaca de Bares,Mañón (A Coruña),Espacio natural,-,-,20:26:38,1m 47s,,
Garita de Bares,Mañón (A Coruña),Mirador,-,-,20:26:38,1m 47s,,
Semáforo de Bares,Mañón (A Coruña),Mirador,-,-,20:26:38,1m 47s,,
Castillo de San Antón,A Coruña (A Coruña),Paseo marítimo,-,-,20:27:35,1m 16s,,
Paseo Marítimo central,A Coruña (A Coruña),Paseo marítimo,-,-,20:27:35,1m 16s,,
Paseo Marítimo O Portiño,A Coruña (A Coruña),Paseo marítimo,-,-,20:27:35,1m 16s,,
Playa de Riazor-Orzán,A Coruña (A Coruña),Playa,-,-,20:27:35,1m 16s,,
Alcalá de Henares,Alcalá de Henares (Madrid),(sin especificar),-,-,20:31:47,40s,,
Las piscinas de Riosequillo,Buitrago del Lozoya (Madrid),Espacio natural,-,-,20:30:42,1m 19s,,
Puerto de Navacerrada,Cercedilla (Madrid),(sin especificar),-,-,20:31:34,35s,,
Colmenar Viejo,Colmenar Viejo (Madrid),(sin especificar),-,-,20:31:35,41s,,
El Molar,El Molar (Madrid),(sin especificar),-,-,20:31:15,1m 01s,,
La Cabrera,La Cabrera (Madrid),(sin especificar),-,-,20:30:58,1m 11s,,
Meco,Meco (Madrid),(sin especificar),-,-,20:31:33,52s,,
San Agustín del Guadalix,San Agustín del Guadalix (Madrid),(sin especificar),-,-,20:31:25,53s,,
Campo de fútbol Calle Teide,San Sebastián de los Reyes (Madrid),Explanada,20.000,-,20:31:48,31s,,
Villa de Somosierra,Somosierra (Madrid),(sin especificar),-,-,20:30:23,1m 29s,,
Tres Cantos,Tres Cantos (Madrid),(sin especificar),-,-,20:31:42,36s,,
Sendaviva,Arguedas (Navarra),Parque de atracciones,-,-,20:28:23,1m 13s,,
Bardenas Reales - Embalse El Ferial,Mélida (Navarra),Espacio natural,-,-,20:28:13,57s,,
Bardenas Reales - Aguilares,Arguedas (Navarra),Centro de visitantes,-,-,20:28:23,1m 13s,,
Arguedas,Arguedas (Navarra),(sin especificar),-,-,20:28:23,1m 13s,,
Buñuel,Buñuel (Navarra),(sin especificar),-,-,20:28:36,1m 20s,,
Cárcar,Cárcar (Navarra),(sin especificar),-,-,20:28:09,1m 11s,,
Cascante,Cascante (Navarra),(sin especificar),-,-,20:28:35,1m 25s,,
Castejón,Castejón (Navarra),(sin especificar),-,-,20:28:24,1m 16s,,
Corella,Corella (Navarra),(sin especificar),-,-,20:28:27,1m 22s,,
Fitero,Fitero (Navarra),(sin especificar),-,-,20:28:32,1m 26s,,
Larraga,Larraga (Navarra),(sin especificar),-,-,20:28:01,52s,,
Campo de Fútbol Viejo de Lerín,Lerín (Navarra),Explanada,5.000,Sí,20:28:04,1m 04s,,
Lodosa,Lodosa (Navarra),(sin especificar),-,-,20:28:07,1m 12s,,
Marcilla,Marcilla (Navarra),(sin especificar),-,-,20:28:14,1m 07s,,
Mendavia,Mendavia (Navarra),(sin especificar),-,-,20:28:05,1m 15s,,
Peralta,Peralta (Navarra),(sin especificar),-,-,20:28:13,1m 08s,,
Ribaforada,Ribaforada (Navarra),(sin especificar),-,-,20:28:35,1m 21s,,
Tafalla,Tafalla (Navarra),(sin especificar),-,-,20:28:05,45s,,
Tudela,Tudela (Navarra),(sin especificar),-,-,20:28:31,1m 20s,,
Viana,Viana (Navarra),(sin especificar),-,-,20:28:00,1m 16s,,
