Espacio,Municipio,Tipo,Capacidad,Parking,Inicio totalidad,Duración totalidad,Dist_carretera_km,Tiempo_Maps,Dist_centerline_km
MotorLand Aragón,Alcañiz (Teruel),Circuito de carreras,5.000,Sí,20:29:37,1m 33s,239.5,03h 18min,26.0
Antiguo Aeródromo de Calamocha,Calamocha (Teruel),Lugar de interés histórico,5.000,Sí,20:30:04,1m 42s,205.2,02h 25min,22.2
Estación de Esquí Javalambre,Camarena de la Sierra (Teruel),Estación de esquí,5.000,Sí,20:31:19,1m 28s,128.1,01h 53min,95.4
Monreal del Campo,Monreal del Campo (Teruel),(sin especificar),5.000,Sí,20:30:17,1m 41s,189.0,02h 10min,36.0
Ariza,Ariza (Zaragoza),(sin especificar),5.000,Sí,20:29:38,1m 42s,304.6,03h 43min,7.5
Polígono de Cariñena,Cariñena (Zaragoza),Polígono industrial,5.000,Sí,20:29:25,1m 38s,255.7,02h 51min,23.7
Polígono de Épila,Épila (Zaragoza),Polígono industrial,5.000,Sí,20:29:04,1m 32s,295.4,03h 24min,48.2
Acantilado del Cabo de Peñas,Gozón (Asturias),Espacio natural,-,-,20:26:36,1m 44s,862.7,09h 44min,42.1
Playa de Verdicio,Gozón (Asturias),Playa,-,-,20:26:36,1m 44s,857.7,09h 45min,36.0
Playa de Xagó,Gozón (Asturias),Playa,-,-,20:26:36,1m 44s,855.1,09h 39min,33.5
Semáforo del Cabo de Peñas,Gozón (Asturias),Espacio natural,-,-,20:26:36,1m 44s,862.7,09h 44min,42.1
Cabo de Busto,Luarca-Valdés (Asturias),Espacio natural,4.000,Sí,20:26:47,1m 49s,901.6,10h 03min,2.8
Gamones,Luarca-Valdés (Asturias),Explanada,4.000,Sí,20:26:47,1m 49s,906.1,10h 01min,3.9
De Campa Torres a Playa de Poniente,Gijón (Asturias),Paseo marítimo,-,-,20:26:42,1m 45s,839.6,09h 25min,40.5
De Puente del Piles a Parque de la Providencia,Gijón (Asturias),Paseo marítimo,-,-,20:26:42,1m 45s,836.1,09h 16min,39.4
Barrio del Carrasqueo,Luarca-Valdés (Asturias),Carretera,800,Sí,20:26:47,1m 49s,906.0,10h 02min,3.5
Barrio del Mirador,Luarca-Valdés (Asturias),Calle,400,Sí,20:26:47,1m 49s,906.0,10h 02min,3.5
Bosque-Jardín de la Fonte Baxa,Luarca-Valdés (Asturias),Espacio natural,1.000,Sí,20:26:47,1m 49s,906.0,10h 02min,3.5
Carretera del Faro,Luarca-Valdés (Asturias),Carretera,1.000,Sí,20:26:47,1m 49s,906.0,10h 02min,3.5
Mirador de la Funiar,Luarca-Valdés (Asturias),Mirador,600,Sí,20:26:47,1m 49s,906.0,10h 02min,3.5
Paseo del Muelle,Luarca-Valdés (Asturias),Paseo marítimo,-,Sí,20:26:47,1m 49s,906.0,10h 02min,3.5
Villar,Luarca-Valdés (Asturias),Explanada,5.000,Sí,20:26:47,1m 49s,906.0,10h 02min,3.5
Faro de Ajo,Bareyo (Cantabria),Espacio natural,-,-,20:26:54,0m 51s,686.8,07h 45min,132.9
Peña Cabarga,Medio Cudeyo (Cantabria),Espacio natural,-,-,20:26:57,1m 07s,692.2,07h 37min,117.7
Observatorio Astronómico de Cantabria,Páramo de la Lora (Cantabria),Espacio natural,-,-,20:27:40,1m 38s,646.6,07h 45min,58.8
la Virgen del Mar,Santander (Cantabria),Espacio natural,-,-,20:26:52,1m 03s,705.1,07h 49min,120.7
Suances,Suences (Cantabria),(sin especificar),-,-,20:26:52,1m 15s,727.7,08h 05min,104.7
Evento Eclipsados Ávila,Arévalo (Ávila),Explanada,-,-,20:31:10,0m 37s,495.7,05h 34min,142.7
Embalse del Ebro,Arija (Burgos),Playa,3.000-5.000,Sí,20:27:25,1m 32s,640.7,07h 46min,65.9
Mirador de San Cibrián,Hacinas (Burgos),Parque,2,Sí,20:28:49,1m 44s,449.5,06h 24min,9.1
Centro Astronómico de Lodoso,Lodoso (Burgos),Centro astronómico,2,Sí,20:28:15,1m 44s,511.6,06h 35min,18.3
Parque eólico páramo de Poza,Poza de la Sal (Burgos),Parque eólico,5,Sí,20:27:50,1m 35s,572.7,06h 31min,61.0
Cerro afueras de Quintanarraya,Quintanarraya (Burgos),Espacio natural,1,Sí,20:29:04,1m 45s,427.5,05h 39min,1.8
Zona de barbacoas,Santo Domingo de Silos (Burgos),Espacio natural,-,-,20:28:53,1m 44s,456.3,05h 52min,1.9
Afueras de Tejada,Tejada (Burgos),Espacio natural,500,Sí,20:28:55,1m 45s,450.5,05h 48min,5.2
La Camperona,Sabero (León),Montaña,-,-,20:27:46,1m 47s,675.5,08h 39min,1.0
Palacio de Congresos y Exposiciones,León (León),Explanada,-,-,20:28:15,1m 45s,706.7,07h 52min,42.8
Mirador de los Caballos Thieldones,Saldaña (Palencia),Mirador,-,-,20:28:13,1m 47s,596.6,07h 35min,11.5
Arcones,Arcones (Segovia),(sin especificar),-,-,20:30:28,1m 25s,473.8,05h 41min,87.4
Ayllón,Ayllón (Segovia),(sin especificar),-,-,20:29:47,1m 40s,404.3,05h 30min,45.8
Boceguillas,Boceguillas (Segovia),(sin especificar),-,-,20:30:01,1m 35s,476.0,05h 14min,66.2
Collado Hermoso,Collado Hermoso (Segovia),(sin especificar),-,-,20:30:44,1m 14s,459.9,05h 18min,103.3
Otero de Herreros,Otero de Herreros (Segovia),(sin especificar),-,-,20:31:27,0m 36s,427.2,05h 22min,143.8
Riaza,Riaza (Segovia),(sin especificar),-,-,20:30:04,1m 35s,473.9,05h 14min,65.0
Segovia,Segovia (Segovia),(sin especificar),-,-,20:31:03,0m 58s,465.9,05h 19min,123.9
Turégano,Turégano (Segovia),(sin especificar),-,-,20:30:31,1m 19s,495.9,05h 48min,100.8
Alto del Moncayo (Cima de Peña Negrilla),Ágreda (Soria),Montaña,-,-,20:28:48,1m 34s,368.1,05h 30min,46.7
Sierra de Aleza,Buberos (Soria),Montaña,-,-,20:29:09,1m 41s,338.2,04h 05min,14.9
Muralla de Almazán,Almazán (Soria),Monumento,-,-,20:29:27,1m 44s,352.9,04h 19min,9.3
Cerro de Borobia,Borobia (Soria),Espacio natural,-,-,20:29:04,1m 38s,349.8,04h 23min,38.9
Castillo de Cabrejas del Pinar,Cabrejas del Pinar (Soria),Monumento,-,-,20:29:02,1m 44s,392.2,04h 50min,6.6
Castillo de Calatañazor,Calatañazor (Soria),Monumento,-,-,20:29:11,1m 44s,392.9,04h 52min,1.0
Pico de Urbión,Duruelo de la Sierra (Soria),Montaña,-,-,20:28:48,1m 43s,421.0,06h 46min,28.7
Campamento de Alto Real,Garray (Soria),Explanada,-,-,20:28:56,1m 41s,365.1,04h 55min,29.4
Numancia,Garray (Soria),Auditorio al aire libre,3.000,-,20:28:56,1m 41s,366.5,04h 39min,25.9
Fortaleza de Gormaz,Gormaz (Soria),Monumento,-,-,20:29:33,1m 44s,398.6,05h 06min,27.9
Castillo de Medinaceli,Medinaceli (Soria),Explanada,-,-,20:29:57,1m 42s,314.5,04h 00min,37.6
Tiermes,Montejo de Tiermes (Soria),Yacimiento arqueológico,-,-,20:29:50,1m 40s,388.8,05h 25min,46.4
Augustóbriga,Ólvega (Soria),Yacimiento arqueológico,-,-,20:28:55,1m 37s,353.3,04h 20min,39.6
Uxama,El Burgo de Osma-Ciudad de Osma (Soria),Yacimiento arqueológico,-,-,20:29:25,1m 44s,403.6,05h 16min,21.4
Muela de Peñalcázar,Quiñonería (Soria),Espacio natural,-,-,20:29:14,1m 41s,351.3,04h 41min,3.6
Sierra de Perdices,Viana de Duero (Soria),Espacio natural,-,-,20:29:22,1m 44s,384.4,04h 54min,19.6
Eras de Rioseco,Rioseco de Soria (Soria),Explanada,-,-,20:29:17,1m 44s,378.9,04h 57min,8.7
Cerro de San Leonardo de Yagüe,San Leonardo de Yagüe (Soria),Espacio natural,-,-,20:29:01,1m 45s,407.8,05h 08min,8.5
Monte Valonsadero,Soria (Soria),Espacio natural,30.000,-,20:29:01,1m 41s,368.0,04h 54min,25.2
Mirador de la Galiana,Ucero (Soria),Espacio natural,-,-,20:29:12,1m 44s,410.1,05h 32min,8.9
Alcazaren,Alcazaren (Valladolid),(sin especificar),-,-,20:30:20,1m 14s,531.7,06h 11min,113.1
Becilla de Valderaduey,Becilla de Valderaduey (Valladolid),Espacio natural,-,-,20:29:05,1m 36s,635.5,07h 20min,78.8
Cabezón del Pisuerga,Cabezón del Pisuerga (Valladolid),(sin especificar),-,-,20:29:36,1m 33s,571.9,06h 43min,77.6
Campaspero,Campaspero (Valladolid),(sin especificar),-,-,20:29:55,1m 31s,515.6,05h 55min,88.2
Castrodeza,Castrodeza (Valladolid),(sin especificar),-,-,20:29:53,1m 22s,561.1,06h 14min,107.3
Cigales,Cigales (Valladolid),(sin especificar),-,-,20:29:34,1m 33s,596.8,06h 46min,77.2
Encinas de Esgueva,Encinas de Esgueva (Valladolid),(sin especificar),-,-,20:29:23,1m 41s,536.0,06h 01min,47.1
Íscar,Íscar (Valladolid),(sin especificar),-,-,20:30:18,1m 17s,534.0,06h 10min,106.5
La Cisterniga,La Cisterniga (Valladolid),(sin especificar),-,-,20:29:51,1m 27s,564.6,07h 08min,88.6
La Parrilla,La Parrilla (Valladolid),(sin especificar),-,-,20:29:57,1m 27s,548.4,06h 25min,89.8
Medina de Rioseco,Medina de Rioseco (Valladolid),(sin especificar),-,-,20:29:27,1m 31s,614.5,06h 55min,83.7
Piñel de Abajo,Piñel de Abajo (Valladolid),(sin especificar),-,-,20:29:33,1m 38s,541.7,06h 06min,54.1
Portillo,Portillo (Valladolid),(sin especificar),-,-,20:30:05,1m 22s,556.5,06h 20min,95.3
Rueda,Rueda (Valladolid),(sin especificar),-,-,20:30:24,1m 06s,542.4,06h 06min,123.7
San Miguel de Pino,San Miguel de Pino (Valladolid),(sin especificar),-,-,20:29:47,1m 28s,555.3,06h 17min,114.7
San Miguel del Arroyo,San Miguel del Arroyo (Valladolid),(sin especificar),-,-,20:30:06,1m 24s,534.8,06h 20min,91.4
Tiedra,Tiedra (Valladolid),(sin especificar),-,-,20:30:01,1m 13s,592.9,06h 36min,103.2
Trigueros del Valle,Trigueros del Valle (Valladolid),(sin especificar),-,-,20:29:25,1m 36s,589.4,06h 44min,59.1
Tudela de Duero,Tudela de Duero (Valladolid),(sin especificar),-,-,20:29:52,1m 28s,560.2,06h 26min,88.2
Urones de Castroponce,Urones de Castroponce (Valladolid),(sin especificar),-,-,20:29:06,1m 35s,629.1,07h 12min,83.3
Urueña,Urueña (Valladolid),(sin especificar),-,-,20:29:49,1m 20s,600.0,06h 50min,96.6
Villalón de Campos,Villalón de Campos (Valladolid),(sin especificar),-,-,20:29:01,1m 40s,641.4,07h 33min,65.1
Villanueva de Duero,Villanueva de Duero (Valladolid),(sin especificar),-,-,20:30:08,1m 16s,551.7,06h 36min,104.9
Avenida Cardenal Cisneros,Zamora (Zamora),Explanada,-,-,20:30:48,0m 19s,623.4,06h 58min,151.2
Avenida de la Frontera,Zamora (Zamora),Espacio natural,-,-,20:30:48,0m 19s,623.4,06h 58min,151.2
Camino de Valbueno,Zamora (Zamora),Espacio natural,-,-,20:30:48,0m 19s,623.4,06h 58min,151.2
Castillo de Zamora,Zamora (Zamora),Castillo,-,-,20:30:48,0m 19s,623.4,06h 58min,151.2
Mirador de La Lobata,Zamora (Zamora),Mirador,-,-,20:30:48,0m 19s,623.4,06h 58min,151.2
Parada del Molino,Zamora (Zamora),Parque,-,-,20:30:48,0m 19s,623.4,06h 58min,151.2
Parque del Castillo,Zamora (Zamora),Parque,-,-,20:30:48,0m 19s,623.4,06h 58min,151.2
Paseo de las Vistillas,Zamora (Zamora),Parque,-,-,20:30:48,0m 19s,623.4,06h 58min,151.2
Cerro afueras de Cañete,Cañete (Cuenca),Zona rural,3.000,Sí,20:31:48,1m 10s,189.3,03h 38min,137.5
Aparcamiento de la Fuensanta,Cuenca (Cuenca),Explanada,-,Sí,20:31:59,0m 56s,211.4,02h 40min,137.4
Museo Paleontológico de Castilla-La Mancha,Cuenca (Cuenca),Explanada,,Sí,20:31:59,0m 56s,211.4,02h 40min,137.4
Vertiente de Hoya Román,Cuenca (Cuenca),Zona rural,-,Sí,20:31:59,0m 56s,211.4,02h 40min,137.4
Cancha el Frontón,Cuevas de Velasco (Cuenca),Cancha de Fútbol,500,Sí,20:31:59,0m 51s,241.2,03h 25min,136.3
Castillo de Huete,Huete (Cuenca),Castillo,1.000,Sí,20:32:13,0m 32s,293.3,03h 23min,150.0
Palacio de los Condes de Priego,Priego (Cuenca),Plaza,2.000,Sí,20:31:15,1m 19s,267.0,03h 33min,106.6
Plaza de toros Rodena,Talayuelas (Cuenca),Plaza de toros,1.500,Sí,20:32:02,1m 06s,134.6,01h 43min,122.9
Paraje Solana la Virgen,Tragacete (Cuenca),Zona rural,2.500,Sí,20:31:15,1m 24s,227.8,03h 09min,98.3
Plaza de toros de Villalba del Rey,Villalba del Rey (Cuenca),Plaza de toros,800,Sí,20:31:39,1m 01s,308.5,03h 56min,138.5
Recinto Ferial de Azuqueca,Azuqueca de Henares (Guadalajara),Campo de feria,5.000,500,20:31:28,0m 58s,384.1,04h 18min,129.0
Campo de fútbol de Cabanillas,Cabanillas del Campo (Guadalajara),Explanada,60,30,20:31:17,1m 06s,393.6,04h 22min,121.0
Mirador del castillo,Chiloeches (Guadalajara),Mirador,50,20,20:31:24,1m 03s,383.7,04h 33min,131.3
Castillo de Cifuentes,Cifuentes (Guadalajara),Mirador,1.000,Sí,20:30:42,1m 30s,349.8,04h 27min,83.7
Observatorio de Cogolludo,Cogolludo (Guadalajara),Mirador,1.000,300,20:30:34,1m 29s,371.3,04h 55min,83.1
El Calvario de El Casar,El Casar (Guadalajara),Mirador,1.000,250,20:31:15,1m 04s,413.4,04h 41min,118.4
Guadalajara,Guadalajara (Guadalajara),(sin especificar),-,-,20:31:15,1m 08s,397.3,04h 27min,118.2
Acceso al cementerio de Hita,Hita (Guadalajara),Zona rural,2.000,1.000,20:30:48,1m 23s,367.5,04h 45min,94.0
Parque de Ferias de Marchamalo,Marchamalo (Guadalajara),Campo de feria,1.500,300,20:31:12,1m 09s,398.6,04h 28min,116.7
Punto Limpio de Molina de Aragón,Molina de Aragón (Guadalajara),Zona rural,3.000,Sí,20:30:21,1m 40s,236.6,02h 52min,50.1
Piscina municipal de Tamajón,Tamajón (Guadalajara),Espacio natural con piscina,200,50,20:30:31,1m 29s,442.1,05h 17min,90.9
Campo de fútbol de Tórtola de Henares,Tórtola de Henares (Guadalajara),Polideportivo,50,Sí,20:31:05,1m 14s,403.6,04h 32min,121.4
Club Motocross Yunquera,Yunquera de Henares (Guadalajara),Circuito de carreras,-,-,20:31:00,1m 16s,401.9,04h 33min,113.3
Zona esportiva,Les Borges Blanques (Lleida),Campo de fútbol,2.650,1.070,20:29:11,0m 24s,315.9,03h 30min,120.2
Els Magraners,Lleida (Lleida),Explanada,4.300,1.950,20:29:05,0m 27s,341.0,03h 45min,121.2
Gardeny,Lleida (Lleida),Explanada,1.500,600,20:29:05,0m 27s,341.0,03h 46min,120.0
Secà de Sant Pere,Lleida (Lleida),Explanada,1.400,980,20:29:05,0m 27s,341.5,03h 48min,121.0
Plaça de bous de Alcanar,Alcanar (Tarragona),Plaza de toros,-,-,20:30:12,1m 37s,154.2,01h 41min,9.8
Font del mirador d'Altafulla,Altafulla (Tarragona),Explanada,430,180,20:29:23,0m 52s,260.3,02h 49min,104.5
Polígon Industrial l'Oriola,Amposta (Tarragona),Explanada,4.400,3.300,20:29:56,1m 34s,177.1,01h 57min,30.4
Camarles,Camarles (Tarragona),(sin especificar),-,-,20:29:50,1m 31s,178.8,02h 06min,36.2
Cooperativa Agrícola de Cambrils,Cambrils (Tarragona),Explanada,-,-,20:29:27,1m 09s,231.5,02h 31min,84.9
Carrer Joan Miró,Constantí (Tarragona),Explanada,1.600,680,20:29:22,0m 58s,249.6,02h 41min,100.3
Polígon Industrial la Plana,Gandesa (Tarragona),Explanada,2.000,1.800,20:29:32,1m 24s,224.7,02h 42min,59.8
Can Gironès,L'Aldea (Tarragona),Explanada,4.500,2.500,20:29:54,1m 32s,176.3,01h 56min,34.7
Camp de futbol,L'Atmetlla de Mar (Tarragona),Campo de fútbol,1.250,500,20:29:41,1m 25s,199.3,02h 14min,57.2
les Palomeres,Montbrió del Camp (Tarragona),Explanada,2.500,600,20:29:24,1m 07s,233.9,02h 32min,86.8
Fira de Móra la Nova,Móra la Nova (Tarragona),Campo de feria,3.800,1.500,20:29:27,1m 18s,229.6,02h 45min,70.9
Horts del Queri,Reus (Tarragona),Parque,1.750,900,20:29:22,1m 01s,239.3,02h 37min,94.2
Parc de la Festa de Reus,Reus (Tarragona),Explanada,5.000,2.500,20:29:22,1m 01s,241.0,02h 40min,95.2
Carretera de la Galera,Santa Bárbara (Tarragona),Explanada,1.100,520,20:29:57,1m 34s,153.5,01h 42min,14.7
L'Anella Mediterrànea,Tarragona (Tarragona),Parque,-,-,20:29:24,0m 59s,250.9,02h 43min,97.4
La Marina Tárraco,Tarragona (Tarragona),Puerto deportivo,-,-,20:29:24,0m 59s,250.7,02h 42min,97.2
Polígon Industrial de Roques Planes,Torredembarra (Tarragona),Explanada,1.170,570,20:29:23,0m 51s,263.8,02h 51min,105.6
Polígon Industrial de Valls,Valls (Tarragona),Explanada,4.100,1.900,20:29:18,0m 41s,264.9,02h 52min,113.2
Ermita de San Cristóbal,Benasal (Castellón),Espacio natural,1.000,Sí,20:30:37,1m 39s,130.5,01h 55min,31.8
Playas del Pinar y del Gurugú,Castellón de la Plana (Castellón),Playa,50.000,Sí,20:31:14,1m 33s,70.4,00h 58min,63.4
Parque municipal de Les Useres,Les Useres (Castellón),Parque,2.000,Sí,20:30:59,1m 37s,94.7,01h 27min,53.8
Peñíscola,Peñíscola (Castellón),(sin especificar),5.000,Sí,20:30:37,1m 39s,136.0,01h 34min,10.8
"Partidas, en Aras de los Olmos",Aras de los Olmos (Valencia),Espacio natural,5.000,Sí,20:31:48,1m 15s,101.8,01h 23min,113.2
Muela de Santa Catalina,Aras de los Olmos (Valencia),Espacio natural,1.000,Sí,20:31:48,1m 15s,101.8,01h 23min,113.2
Castillo de Macastre,Macastre (Valencia),Espacio natural,4.500,Sí,20:32:58,0m 23s,60.5,01h 20min,154.1
Playa de Puzol,Puzol (Valencia),Playa,1.000,Sí,20:32:03,1m 13s,17.7,00h 23min,109.3
Pico del Remedio,Utiel (Valencia),Espacio natural,2.000,Sí,20:32:43,0m 33s,93.2,01h 06min,151.8
Playa de la Malvarrosa,Valencia (Valencia),Playa,10.000,Sí,20:32:24,1m 00s,15.9,00h 15min,126.9
Estaca de Bares,Mañón (A Coruña),Espacio natural,-,-,20:26:38,1m 47s,988.4,11h 10min,43.2
Garita de Bares,Mañón (A Coruña),Mirador,-,-,20:26:38,1m 47s,988.4,11h 10min,43.2
Semáforo de Bares,Mañón (A Coruña),Mirador,-,-,20:26:38,1m 47s,988.4,11h 10min,43.2
Castillo de San Antón,A Coruña (A Coruña),Paseo marítimo,-,-,20:27:35,1m 16s,963.0,10h 31min,115.1
Paseo Marítimo central,A Coruña (A Coruña),Paseo marítimo,-,-,20:27:35,1m 16s,963.0,10h 31min,115.1
Paseo Marítimo O Portiño,A Coruña (A Coruña),Paseo marítimo,-,-,20:27:35,1m 16s,963.0,10h 31min,115.1
Playa de Riazor-Orzán,A Coruña (A Coruña),Playa,-,-,20:27:35,1m 16s,963.0,10h 31min,115.1
Alcalá de Henares,Alcalá de Henares (Madrid),(sin especificar),-,-,20:31:47,0m 40s,370.6,04h 13min,140.6
Las piscinas de Riosequillo,Buitrago del Lozoya (Madrid),Espacio natural,-,-,20:30:42,1m 19s,438.1,04h 49min,97.1
Puerto de Navacerrada,Cercedilla (Madrid),(sin especificar),-,-,20:31:34,0m 35s,437.9,06h 23min,134.0
Colmenar Viejo,Colmenar Viejo (Madrid),(sin especificar),-,-,20:31:35,0m 41s,399.6,04h 28min,137.3
El Molar,El Molar (Madrid),(sin especificar),-,-,20:31:15,1m 01s,402.6,04h 26min,122.9
La Cabrera,La Cabrera (Madrid),(sin especificar),-,-,20:30:58,1m 11s,418.7,04h 35min,112.1
Meco,Meco (Madrid),(sin especificar),-,-,20:31:33,0m 52s,379.1,04h 19min,132.0
San Agustín del Guadalix,San Agustín del Guadalix (Madrid),(sin especificar),-,-,20:31:25,0m 53s,398.9,04h 37min,128.0
Campo de fútbol Calle Teide,San Sebastián de los Reyes (Madrid),Explanada,20.000,-,20:31:48,0m 31s,382.2,04h 14min,143.2
Villa de Somosierra,Somosierra (Madrid),(sin especificar),-,-,20:30:23,1m 29s,453.7,05h 02min,80.5
Tres Cantos,Tres Cantos (Madrid),(sin especificar),-,-,20:31:42,0m 36s,390.1,04h 22min,140.8
Sendaviva,Arguedas (Navarra),Parque de atracciones,-,-,20:28:23,1m 13s,387.9,04h 38min,86.2
Bardenas Reales - Embalse El Ferial,Mélida (Navarra),Espacio natural,-,-,20:28:13,0m 57s,399.6,04h 52min,95.3
Bardenas Reales - Aguilares,Arguedas (Navarra),Centro de visitantes,-,-,20:28:23,1m 13s,387.9,04h 38min,86.2
Arguedas,Arguedas (Navarra),(sin especificar),-,-,20:28:23,1m 13s,387.9,04h 38min,86.2
Buñuel,Buñuel (Navarra),(sin especificar),-,-,20:28:36,1m 20s,410.2,06h 29min,67.2
Cárcar,Cárcar (Navarra),(sin especificar),-,-,20:28:09,1m 11s,432.8,05h 02min,99.9
Cascante,Cascante (Navarra),(sin especificar),-,-,20:28:35,1m 25s,387.8,04h 17min,72.6
Castejón,Castejón (Navarra),(sin especificar),-,-,20:28:24,1m 16s,395.9,04h 26min,88.2
Corella,Corella (Navarra),(sin especificar),-,-,20:28:27,1m 22s,402.5,04h 28min,80.2
Fitero,Fitero (Navarra),(sin especificar),-,-,20:28:32,1m 26s,403.5,04h 38min,71.8
Larraga,Larraga (Navarra),(sin especificar),-,-,20:28:01,0m 52s,460.1,05h 10min,122.7
Campo de Fútbol Viejo de Lerín,Lerín (Navarra),Explanada,5.000,Sí,20:28:04,1m 04s,455.2,05h 26min,108.3
Lodosa,Lodosa (Navarra),(sin especificar),-,-,20:28:07,1m 12s,444.0,04h 53min,100.3
Marcilla,Marcilla (Navarra),(sin especificar),-,-,20:28:14,1m 07s,425.8,04h 58min,102.4
Mendavia,Mendavia (Navarra),(sin especificar),-,-,20:28:05,1m 15s,457.7,05h 09min,98.8
Peralta,Peralta (Navarra),(sin especificar),-,-,20:28:13,1m 08s,428.6,04h 45min,101.6
Ribaforada,Ribaforada (Navarra),(sin especificar),-,-,20:28:35,1m 21s,390.3,04h 39min,73.6
Tafalla,Tafalla (Navarra),(sin especificar),-,-,20:28:05,0m 45s,444.6,04h 55min,125.5
Tudela,Tudela (Navarra),(sin especificar),-,-,20:28:31,1m 20s,382.8,04h 18min,81.4
Viana,Viana (Navarra),(sin especificar),-,-,20:28:00,1m 16s,478.3,05h 14min,98.7
